city,time_period,filename,filepath,point_count,valid_point_count,temp_field,mean_temp,median_temp,std_temp,min_temp,max_temp,range_temp,percentile_25,percentile_75,iqr
"Abingdon, VA",af,af_trav.shp,"/groups/LORTIZUR/heat-watch-data/clean/Heat Watch Abingdon, VA/traverses_chw_abingdon_110121/af_trav.shp",18849,18612,temp_f,84.91416183107673,84.96,1.7049647990087198,79.87,89.87,10.0,83.81,86.18,2.3700000000000045
"Abingdon, VA",am,am_trav.shp,"/groups/LORTIZUR/heat-watch-data/clean/Heat Watch Abingdon, VA/traverses_chw_abingdon_110121/am_trav.shp",22074,22074,temp_f,65.49319787985866,65.29,1.0954075383929518,63.14,68.76,5.6200000000000045,64.69,66.33,1.6400000000000006
"Abingdon, VA",pm,pm_trav.shp,"/groups/LORTIZUR/heat-watch-data/clean/Heat Watch Abingdon, VA/traverses_chw_abingdon_110121/pm_trav.shp",18001,17986,temp_f,82.45718002891138,82.49,1.9728624688727687,76.79,87.52,10.72999999999999,81.06,83.96,2.8999999999999915
"Albuquerque, NM",af,af_trav.shp,"/groups/LORTIZUR/heat-watch-data/clean/Heat Watch Albuquerque, NM/traverses_chw_albuquerque_100421/af_trav.shp",41876,41550,temp_f,99.35346666666666,99.35,1.7089951887077017,94.59,104.15,9.560000000000002,98.13,100.52,2.3900000000000006
"Albuquerque, NM",am,am_trav.shp,"/groups/LORTIZUR/heat-watch-data/clean/Heat Watch Albuquerque, NM/traverses_chw_albuquerque_100421/am_trav.shp",28536,27439,temp_f,71.24420277706913,71.33,2.1642710362274773,65.1,77.22,12.120000000000005,69.92,72.745,2.825000000000003
"Arlington, VA",af,af_trav.shp,"/groups/LORTIZUR/heat-watch-data/clean/Heat Watch Arlington, VA/traverses_chw_arlington_102921/af_trav.shp",10535,10477,temp_f,91.24503006585854,91.07,1.4036609000937394,87.44,95.1,7.659999999999997,90.23,92.2,1.9699999999999989
"Arlington, VA",am,am_trav.shp,"/groups/LORTIZUR/heat-watch-data/clean/Heat Watch Arlington, VA/traverses_chw_arlington_102921/am_trav.shp",10814,10810,temp_f,71.80703977798335,71.57,1.196767519270125,68.9,75.4,6.5,70.85,72.72,1.8700000000000045
"Arlington, VA",pm,pm_trav.shp,"/groups/LORTIZUR/heat-watch-data/clean/Heat Watch Arlington, VA/traverses_chw_arlington_102921/pm_trav.shp",10851,10824,temp_f,87.46753880266074,87.23,1.3195819104879252,83.56,91.39,7.829999999999998,86.49,88.46,1.9699999999999989
"Asheville, NC",af,af_trav.shp,"/groups/LORTIZUR/heat-watch-data/clean/Heat Watch Asheville, NC/traverses_chw_asheville_091123/af_trav.shp",17675,17675,temp_f,83.55043603916799,83.72587512027962,1.995199933362,74.26686632247062,92.15855986023394,17.891693537763317,82.72733690206965,84.75048306564034,2.0231461635706864
"Asheville, NC",am,am_trav.shp,"/groups/LORTIZUR/heat-watch-data/clean/Heat Watch Asheville, NC/traverses_chw_asheville_091123/am_trav.shp",22153,22153,temp_f,64.22378253485311,64.52530256494745,1.1306114308266568,60.68074190712568,66.6366336610114,5.955891753885723,63.46234220528974,65.06462515214568,1.6022829468559436
"Asheville, NC",pm,pm_trav.shp,"/groups/LORTIZUR/heat-watch-data/clean/Heat Watch Asheville, NC/traverses_chw_asheville_091123/pm_trav.shp",17573,17573,temp_f,78.93966173575876,79.1913721581943,2.141355787455231,72.182287030666,85.28802115488506,13.105734124219055,77.55986884504543,80.51255499946033,2.9526861544149057
"Atlanta, GA",af,af_trav.shp,"/groups/LORTIZUR/heat-watch-data/clean/Heat Watch Atlanta, GA/traverses_chw_atlanta_112921/af_trav.shp",23386,23386,temp_f,82.06213332763191,81.99,1.5524725256179077,77.68,86.86,9.179999999999993,80.96,83.09,2.1300000000000097
"Atlanta, GA",am,am_trav.shp,"/groups/LORTIZUR/heat-watch-data/clean/Heat Watch Atlanta, GA/traverses_chw_atlanta_112921/am_trav.shp",26830,26830,temp_f,60.48608237048081,60.31,1.4902498660830217,56.68,65.26,8.580000000000005,59.49,61.23,1.7399999999999949
"Atlanta, GA",pm,pm_trav.shp,"/groups/LORTIZUR/heat-watch-data/clean/Heat Watch Atlanta, GA/traverses_chw_atlanta_112921/pm_trav.shp",24664,24664,temp_f,76.290281381771,75.97,2.611571430695725,69.99,84.47,14.480000000000004,74.36,78.22,3.8599999999999994
"Austin, TX",af,af_trav.shp,"/groups/LORTIZUR/heat-watch-data/clean/Heat Watch Austin, TX/traverses_chw_austin_101420/af_trav.shp",28652,28652,temp_f,95.9874745218484,95.9,0.855497550835935,93.02,100.03999999999999,7.019999999999996,95.36000000000001,96.62,1.259999999999991
"Austin, TX",am,am_trav.shp,"/groups/LORTIZUR/heat-watch-data/clean/Heat Watch Austin, TX/traverses_chw_austin_101420/am_trav.shp",28125,28125,temp_f,75.3534464,75.56,1.4206836193632413,70.88,78.62,7.740000000000009,74.48,76.46000000000001,1.980000000000004
"Austin, TX",pm,pm_trav.shp,"/groups/LORTIZUR/heat-watch-data/clean/Heat Watch Austin, TX/traverses_chw_austin_101420/pm_trav.shp",24779,24779,temp_f,93.7881690140845,93.74,0.9993934725489477,90.86000000000001,97.52,6.659999999999982,93.2,94.46000000000001,1.2600000000000051
"Baltimore, MD",af,af_trav.shp,"/groups/LORTIZUR/heat-watch-data/clean/Heat Watch Baltimore, MD/traverses_chw_baltimore/af_trav.shp",47455,47455,temp_f,95.11990264461069,95.0,1.9346629451159396,86.18,104.53999999999999,18.359999999999985,93.91999999999999,96.26,2.3400000000000176
"Baltimore, MD",am,am_trav.shp,"/groups/LORTIZUR/heat-watch-data/clean/Heat Watch Baltimore, MD/traverses_chw_baltimore/am_trav.shp",50094,50094,temp_f,78.36521379805964,78.62,1.7658759004913385,72.32,84.91999999999999,12.599999999999994,77.18,79.7,2.519999999999996
"Baltimore, MD",pm,pm_trav.shp,"/groups/LORTIZUR/heat-watch-data/clean/Heat Watch Baltimore, MD/traverses_chw_baltimore/pm_trav.shp",50262,50262,temp_f,89.31193625402891,89.24,1.943739619149184,81.14,96.26,15.120000000000005,88.16,90.5,2.3400000000000034
"Bloomington, IN",af,af_trav.shp,"/groups/LORTIZUR/heat-watch-data/clean/Heat Watch Bloomington, IN/traverses_chw_bloomington_081424/af_trav.shp",9211,9211,temp_f,88.59476712626207,88.8,1.6982025332814767,81.1,93.5,12.400000000000006,87.9,89.7,1.7999999999999972
"Bloomington, IN",am,am_trav.shp,"/groups/LORTIZUR/heat-watch-data/clean/Heat Watch Bloomington, IN/traverses_chw_bloomington_081424/am_trav.shp",9481,9481,temp_f,68.39048623562915,68.2,1.214350167946939,63.8,72.1,8.299999999999997,67.6,69.2,1.6000000000000085
"Bloomington, IN",pm,pm_trav.shp,"/groups/LORTIZUR/heat-watch-data/clean/Heat Watch Bloomington, IN/traverses_chw_bloomington_081424/pm_trav.shp",9229,9229,temp_f,86.38383356810054,86.8,1.8521773819231702,79.0,90.1,11.099999999999994,86.0,87.5,1.5
"Boise, ID",af,af_trav.shp,"/groups/LORTIZUR/heat-watch-data/clean/Heat Watch Boise, ID/traverses_chw_boise/af_trav.shp",19297,19297,temp_f,90.58856817121833,90.68,1.255172256839505,85.64,98.96,13.319999999999993,89.78,91.22,1.4399999999999977
"Boise, ID",am,am_trav.shp,"/groups/LORTIZUR/heat-watch-data/clean/Heat Watch Boise, ID/traverses_chw_boise/am_trav.shp",22795,22795,temp_f,57.99711691160342,57.56,2.8286188119942772,50.9,67.28,16.380000000000003,55.94,59.54,3.6000000000000014
"Boise, ID",pm,pm_trav.shp,"/groups/LORTIZUR/heat-watch-data/clean/Heat Watch Boise, ID/traverses_chw_boise/pm_trav.shp",22069,22069,temp_f,90.09027142145091,90.14,1.725092549784954,82.94,96.08,13.14,89.06,91.22,2.1599999999999966
"Boston, MA",af,af_trav.shp,"/groups/LORTIZUR/heat-watch-data/clean/Heat Watch Boston, MA/traverses_chw_boston/af_trav.shp",17029,17029,temp_f,91.29562980797463,91.22,1.5760276337593133,87.26,102.56,15.299999999999997,90.32,92.12,1.8000000000000114
"Boston, MA",am,am_trav.shp,"/groups/LORTIZUR/heat-watch-data/clean/Heat Watch Boston, MA/traverses_chw_boston/am_trav.shp",20062,20062,temp_f,75.08857441930017,75.2,1.4585002708246613,71.6,84.38,12.780000000000001,73.94,76.1,2.1599999999999966
"Boston, MA",pm,pm_trav.shp,"/groups/LORTIZUR/heat-watch-data/clean/Heat Watch Boston, MA/traverses_chw_boston/pm_trav.shp",20247,20247,temp_f,84.77456512075864,84.74,1.5246374659804938,78.62,91.58,12.959999999999994,83.84,85.82,1.9799999999999898
"Boulder, CO",af,af_trav.shp,"/groups/LORTIZUR/heat-watch-data/clean/Heat Watch Boulder, CO/traverses_chw_boulder_082222/af_trav.shp",9206,9206,temp_f,95.74363458613949,95.7,1.3312689404570892,91.9,101.2,9.299999999999997,94.9,96.4,1.5
"Boulder, CO",am,am_trav.shp,"/groups/LORTIZUR/heat-watch-data/clean/Heat Watch Boulder, CO/traverses_chw_boulder_082222/am_trav.shp",11614,11614,temp_f,69.81635095574306,69.8,4.3749825452037285,61.3,78.4,17.10000000000001,66.1,73.5,7.400000000000006
"Boulder, CO",pm,pm_trav.shp,"/groups/LORTIZUR/heat-watch-data/clean/Heat Watch Boulder, CO/traverses_chw_boulder_082222/pm_trav.shp",6307,6307,temp_f,86.64956397653401,86.7,1.28083693485008,82.9,90.8,7.8999999999999915,85.8,87.5,1.7000000000000028
"Brockton, MA",af,af_trav.shp,"/groups/LORTIZUR/heat-watch-data/clean/Heat Watch Brockton, MA/traverses_chw_brockton_092823/af_trav.shp",10090,10090,temp_f,86.60595639246779,86.7,1.515052718365414,79.7,92.7,13.0,85.7,87.6,1.8999999999999915
"Brockton, MA",am,am_trav.shp,"/groups/LORTIZUR/heat-watch-data/clean/Heat Watch Brockton, MA/traverses_chw_brockton_092823/am_trav.shp",9775,9775,temp_f,64.55549872122764,64.6,0.873374379944318,61.8,67.3,5.5,64.0,65.1,1.0999999999999943
"Brockton, MA",pm,pm_trav.shp,"/groups/LORTIZUR/heat-watch-data/clean/Heat Watch Brockton, MA/traverses_chw_brockton_092823/pm_trav.shp",8318,8318,temp_f,81.63827843231546,81.8,1.5008097576731532,75.2,85.8,10.599999999999994,81.0,82.6,1.5999999999999943
"Bronx and Manhattan, NY",af,af_trav.shp,"/groups/LORTIZUR/heat-watch-data/clean/Heat Watch Bronx and Manhattan, NY/traverses_chw_bronx_manhattan_010522/af_trav.shp",12309,12309,temp_f,83.19025834755057,83.21,1.3510466233657463,79.54,87.02,7.47999999999999,82.25,84.12,1.8700000000000045
"Bronx and Manhattan, NY",am,am_trav.shp,"/groups/LORTIZUR/heat-watch-data/clean/Heat Watch Bronx and Manhattan, NY/traverses_chw_bronx_manhattan_010522/am_trav.shp",14942,14942,temp_f,70.95773122741265,71.06,1.4101493186292353,67.02,74.34,7.320000000000007,70.21,71.89,1.6800000000000068
"Bronx and Manhattan, NY",pm,pm_trav.shp,"/groups/LORTIZUR/heat-watch-data/clean/Heat Watch Bronx and Manhattan, NY/traverses_chw_bronx_manhattan_010522/pm_trav.shp",15135,15135,temp_f,78.79983085563264,78.89,1.1097011078933032,75.68,81.88,6.199999999999989,78.01,79.56,1.5499999999999972
"Brooklyn, NY",af,af_trav.shp,"/groups/LORTIZUR/heat-watch-data/clean/Heat Watch Brooklyn, NY/traverses_chw_brooklyn_092922/af_trav.shp",15105,15105,temp_f,90.05407480966566,90.1,1.3946920632782727,85.4,95.4,10.0,89.1,91.0,1.9000000000000057
"Brooklyn, NY",am,am_trav.shp,"/groups/LORTIZUR/heat-watch-data/clean/Heat Watch Brooklyn, NY/traverses_chw_brooklyn_092922/am_trav.shp",16767,16767,temp_f,77.63599332021232,77.7,0.7275823239507648,73.9,80.4,6.5,77.3,78.1,0.7999999999999972
"Brooklyn, NY",pm,pm_trav.shp,"/groups/LORTIZUR/heat-watch-data/clean/Heat Watch Brooklyn, NY/traverses_chw_brooklyn_092922/pm_trav.shp",9219,9219,temp_f,87.78699425100335,87.7,0.9017820283357154,85.0,91.0,6.0,87.2,88.4,1.2000000000000028
"Buffalo and Erie County, NY",af,af_trav.shp,"/groups/LORTIZUR/heat-watch-data/clean/Heat Watch Buffalo and Erie County, NY/traverses_chw_buffalo_00925/af_trav.shp",19363,19363,temp_f,87.61808087589732,87.7,1.5629023761871765,81.9,92.7,10.799999999999997,86.5,88.8,2.299999999999997
"Buffalo and Erie County, NY",am,am_trav.shp,"/groups/LORTIZUR/heat-watch-data/clean/Heat Watch Buffalo and Erie County, NY/traverses_chw_buffalo_00925/am_trav.shp",19599,19599,temp_f,71.46495229348437,71.8,2.2531833780201276,60.4,74.8,14.399999999999999,70.9,72.9,2.0
"Buffalo and Erie County, NY",pm,pm_trav.shp,"/groups/LORTIZUR/heat-watch-data/clean/Heat Watch Buffalo and Erie County, NY/traverses_chw_buffalo_00925/pm_trav.shp",19455,19455,temp_f,85.51145720894371,85.6,1.4881448106768398,80.0,89.4,9.400000000000006,84.4,86.8,2.3999999999999915
"Burlington, VT",af,af_trav.shp,"/groups/LORTIZUR/heat-watch-data/clean/Heat Watch Burlington, VT/traverses_chw_burlington_101620/af_trav.shp",16136,16136,temp_f,85.22678978681209,85.28,1.0066275454728595,79.88,89.42,9.540000000000006,84.56,85.82,1.259999999999991
"Burlington, VT",am,am_trav.shp,"/groups/LORTIZUR/heat-watch-data/clean/Heat Watch Burlington, VT/traverses_chw_burlington_101620/am_trav.shp",18877,18877,temp_f,67.38827461990782,67.46000000000001,0.733626690644037,65.30000000000001,70.7,5.3999999999999915,66.92,68.0,1.0799999999999983
"Burlington, VT",pm,pm_trav.shp,"/groups/LORTIZUR/heat-watch-data/clean/Heat Watch Burlington, VT/traverses_chw_burlington_101620/pm_trav.shp",16897,16897,temp_f,77.50343966384565,77.72,1.8221571853481997,73.4,82.58000000000001,9.180000000000007,75.74000000000001,78.98,3.239999999999995
"Charleston, SC",af,af_trav.shp,"/groups/LORTIZUR/heat-watch-data/clean/Heat Watch Charleston, SC/traverses_chw_charleston_111821/af_trav.shp",18957,18957,temp_f,91.83155193332279,91.89,1.4507942200283,87.35,95.93,8.580000000000013,90.91,92.8,1.8900000000000006
"Charleston, SC",am,am_trav.shp,"/groups/LORTIZUR/heat-watch-data/clean/Heat Watch Charleston, SC/traverses_chw_charleston_111821/am_trav.shp",23401,23401,temp_f,81.94088030426052,81.98,0.8085118379255923,79.7,84.17,4.469999999999999,81.48,82.51,1.0300000000000011
"Charleston, SC",pm,pm_trav.shp,"/groups/LORTIZUR/heat-watch-data/clean/Heat Watch Charleston, SC/traverses_chw_charleston_111821/pm_trav.shp",15590,15590,temp_f,79.71487876844131,79.61,2.1019731608072068,74.08,85.85,11.769999999999996,78.07,81.25,3.180000000000007
"Charlotte, NC",af,af_trav.shp,"/groups/LORTIZUR/heat-watch-data/clean/Heat Watch Charlotte, NC/traverses_chw_charlotte_082324/af_trav.shp",23558,23558,temp_f,94.95851090924528,95.3,2.4953461102579477,86.3,105.0,18.700000000000003,93.6,96.7,3.1000000000000085
"Charlotte, NC",am,am_trav.shp,"/groups/LORTIZUR/heat-watch-data/clean/Heat Watch Charlotte, NC/traverses_chw_charlotte_082324/am_trav.shp",24387,24387,temp_f,77.11825152745314,77.0,1.6161883803194121,72.7,81.9,9.200000000000003,76.0,78.1,2.0999999999999943
"Charlotte, NC",pm,pm_trav.shp,"/groups/LORTIZUR/heat-watch-data/clean/Heat Watch Charlotte, NC/traverses_chw_charlotte_082324/pm_trav.shp",22958,22958,temp_f,92.72016726195662,92.9,2.0186986619429805,85.3,98.5,13.200000000000003,91.3,94.1,2.799999999999997
"Charlottesville, VA",af,af_trav.shp,"/groups/LORTIZUR/heat-watch-data/clean/Heat Watch Charlottesville, VA/traverses_chw_charlottesville_120621/af_trav.shp",10250,10250,temp_f,93.34940390243902,93.49,1.1279672395278977,90.14,96.4,6.260000000000005,92.68,94.13,1.4499999999999886
"Charlottesville, VA",am,am_trav.shp,"/groups/LORTIZUR/heat-watch-data/clean/Heat Watch Charlottesville, VA/traverses_chw_charlottesville_120621/am_trav.shp",12298,12298,temp_f,71.66068872987478,71.59,1.2073688097308313,68.44,74.98,6.540000000000006,70.86,72.48,1.6200000000000045
"Charlottesville, VA",pm,pm_trav.shp,"/groups/LORTIZUR/heat-watch-data/clean/Heat Watch Charlottesville, VA/traverses_chw_charlottesville_120621/pm_trav.shp",11853,11853,temp_f,87.13838774993673,87.52,2.049242521476738,81.31,91.31,10.0,85.83,88.69,2.8599999999999994
"Chicago, IL",af,af_trav.shp,"/groups/LORTIZUR/heat-watch-data/clean/Heat Watch Chicago, IL/traverses_chw_chicago_101623/af_trav.shp",48855,48855,temp_f,91.83454712926007,92.2,2.4876789880580086,77.1,99.1,22.0,91.0,93.3,2.299999999999997
"Chicago, IL",am,am_trav.shp,"/groups/LORTIZUR/heat-watch-data/clean/Heat Watch Chicago, IL/traverses_chw_chicago_101623/am_trav.shp",39744,39744,temp_f,76.11173762077294,76.1,1.0704832272260403,72.7,81.1,8.399999999999991,75.4,76.8,1.3999999999999915
"Chicago, IL",pm,pm_trav.shp,"/groups/LORTIZUR/heat-watch-data/clean/Heat Watch Chicago, IL/traverses_chw_chicago_101623/pm_trav.shp",50834,50834,temp_f,84.20427469803674,83.9,2.8688415469968227,76.4,92.1,15.699999999999989,82.1,86.3,4.200000000000003
"Cincinnati, OH",af,af_trav.shp,"/groups/LORTIZUR/heat-watch-data/clean/Heat Watch Cincinnati, OH/traverses_chw_cincinnati_101420/af_trav.shp",23480,23480,temp_f,83.53300340715502,83.48,1.3390307747252501,78.80000000000001,88.34,9.539999999999992,82.58000000000001,84.38,1.799999999999983
"Cincinnati, OH",am,am_trav.shp,"/groups/LORTIZUR/heat-watch-data/clean/Heat Watch Cincinnati, OH/traverses_chw_cincinnati_101420/am_trav.shp",25274,25274,temp_f,70.4224222521168,70.34,1.4623460706334057,66.02,74.66,8.64,69.44,71.24000000000001,1.8000000000000114
"Cincinnati, OH",pm,pm_trav.shp,"/groups/LORTIZUR/heat-watch-data/clean/Heat Watch Cincinnati, OH/traverses_chw_cincinnati_101420/pm_trav.shp",26413,26413,temp_f,83.51780184000303,83.48,1.6259796027404585,77.18,89.06,11.879999999999995,82.58000000000001,84.56,1.9799999999999898
"Clark County, NV",af,af_trav.shp,"/groups/LORTIZUR/heat-watch-data/clean/Heat Watch Clark County, NV/traverses_chw_clark_county_102422/af_trav.shp",37355,37355,temp_f,90.20414670057555,90.0,1.9492474080523947,85.3,96.4,11.100000000000009,88.8,91.5,2.700000000000003
"Clark County, NV",am,am_trav.shp,"/groups/LORTIZUR/heat-watch-data/clean/Heat Watch Clark County, NV/traverses_chw_clark_county_102422/am_trav.shp",54432,54432,temp_f,80.33947310405642,80.3,1.964428430374992,75.0,84.8,9.799999999999997,78.8,82.1,3.299999999999997
"Clark County, NV",pm,pm_trav.shp,"/groups/LORTIZUR/heat-watch-data/clean/Heat Watch Clark County, NV/traverses_chw_clark_county_102422/pm_trav.shp",43764,43764,temp_f,88.53359382140573,88.3,1.8325363887816712,83.6,93.4,9.800000000000011,87.1,90.0,2.9000000000000057
"Clarksville, IN",af,af_trav.shp,"/groups/LORTIZUR/heat-watch-data/clean/Heat Watch Clarksville, IN/traverses_chw_clarksville_111521/af_trav.shp",6921,6921,temp_f,91.4294451668834,91.44,1.1889778969564853,88.2,94.76,6.560000000000002,90.63,92.25,1.6200000000000045
"Clarksville, IN",am,am_trav.shp,"/groups/LORTIZUR/heat-watch-data/clean/Heat Watch Clarksville, IN/traverses_chw_clarksville_111521/am_trav.shp",9917,9917,temp_f,71.32163658364423,71.36,1.7063928029406195,67.18,76.06,8.879999999999995,70.08,72.61,2.530000000000001
"Clarksville, IN",pm,pm_trav.shp,"/groups/LORTIZUR/heat-watch-data/clean/Heat Watch Clarksville, IN/traverses_chw_clarksville_111521/pm_trav.shp",7473,7473,temp_f,89.87808109193094,90.02,1.2656050092570281,86.15,93.42,7.269999999999996,89.13,90.74,1.6099999999999994
"Columbia, MO",af,af_trav.shp,"/groups/LORTIZUR/heat-watch-data/clean/Heat Watch Columbia, MO/traverses_chw_columbia_mo_100422/af_trav.shp",12404,12404,temp_f,97.1344243792325,97.1,1.065627126632091,94.0,100.5,6.5,96.3,97.9,1.6000000000000085
"Columbia, MO",am,am_trav.shp,"/groups/LORTIZUR/heat-watch-data/clean/Heat Watch Columbia, MO/traverses_chw_columbia_mo_100422/am_trav.shp",10858,10858,temp_f,79.58951924848039,79.6,0.6718977674593375,77.2,81.5,4.299999999999997,79.2,80.1,0.8999999999999915
"Columbia, MO",pm,pm_trav.shp,"/groups/LORTIZUR/heat-watch-data/clean/Heat Watch Columbia, MO/traverses_chw_columbia_mo_100422/pm_trav.shp",10149,10149,temp_f,93.38376194698985,93.5,1.1504253849117196,88.1,97.1,9.0,92.7,94.1,1.3999999999999915
"Columbia, SC",af,af_trav.shp,"/groups/LORTIZUR/heat-watch-data/clean/Heat Watch Columbia, SC/traverses_chw_columbia_sc_092222/af_trav.shp",18529,18529,temp_f,93.25740191051865,93.4,2.6470643177475326,81.7,100.2,18.5,92.0,95.0,3.0
"Columbia, SC",am,am_trav.shp,"/groups/LORTIZUR/heat-watch-data/clean/Heat Watch Columbia, SC/traverses_chw_columbia_sc_092222/am_trav.shp",27927,27927,temp_f,76.24817560067318,76.1,1.4267543761289858,72.5,82.0,9.5,75.3,77.1,1.7999999999999972
"Columbia, SC",pm,pm_trav.shp,"/groups/LORTIZUR/heat-watch-data/clean/Heat Watch Columbia, SC/traverses_chw_columbia_sc_092222/pm_trav.shp",25416,25416,temp_f,83.36446726471513,83.6,1.6182444184687996,77.8,87.5,9.700000000000003,82.2,84.6,2.3999999999999915
"Columbus, OH",af,af_trav.shp,"/groups/LORTIZUR/heat-watch-data/clean/Heat Watch Columbus, OH/traverses_chw_columbus_902022/af_trav.shp",37656,37656,temp_f,79.37160080730827,79.4,1.3522168013548548,74.4,85.0,10.599999999999994,78.4,80.3,1.8999999999999915
"Columbus, OH",am,am_trav.shp,"/groups/LORTIZUR/heat-watch-data/clean/Heat Watch Columbus, OH/traverses_chw_columbus_902022/am_trav.shp",41348,41348,temp_f,59.0348868143562,59.0,1.7070410680324553,52.2,64.3,12.099999999999994,57.9,60.1,2.200000000000003
"Columbus, OH",pm,pm_trav.shp,"/groups/LORTIZUR/heat-watch-data/clean/Heat Watch Columbus, OH/traverses_chw_columbus_902022/pm_trav.shp",33170,33170,temp_f,76.4778353934278,76.8,1.9179093778663818,68.1,81.3,13.200000000000003,75.9,77.6,1.6999999999999886
"Detroit, MI",af,af_trav.shp,"/groups/LORTIZUR/heat-watch-data/clean/Heat Watch Detroit, MI/traverses_chw_detroit_102020/af_trav.shp",43719,43719,temp_f,82.63498936389212,82.58000000000001,1.0108764488823836,79.16,87.44,8.280000000000001,82.03999999999999,83.30000000000001,1.2600000000000193
"Detroit, MI",am,am_trav.shp,"/groups/LORTIZUR/heat-watch-data/clean/Heat Watch Detroit, MI/traverses_chw_detroit_102020/am_trav.shp",46178,46178,temp_f,61.31805448481961,60.980000000000004,2.0984208500655193,56.66,68.18,11.52000000000001,60.08,62.24,2.1600000000000037
"Detroit, MI",pm,pm_trav.shp,"/groups/LORTIZUR/heat-watch-data/clean/Heat Watch Detroit, MI/traverses_chw_detroit_102020/pm_trav.shp",41528,41528,temp_f,79.62924918127528,79.7,0.94972615401175,76.82,84.56,7.740000000000009,78.98,80.24000000000001,1.2600000000000051
"East Multnomah County, OR",af,af_trav.shp,"/groups/LORTIZUR/heat-watch-data/clean/Heat Watch East Multnomah County, OR/traverses_chw_east_multnomah_county_111821/af_trav.shp",10771,10771,temp_f,92.31405162009099,92.36,1.2841329584404582,88.7,95.8,7.099999999999994,91.52,93.16,1.6400000000000006
"East Multnomah County, OR",am,am_trav.shp,"/groups/LORTIZUR/heat-watch-data/clean/Heat Watch East Multnomah County, OR/traverses_chw_east_multnomah_county_111821/am_trav.shp",12007,12007,temp_f,69.0765478470892,69.32,1.6517389805051879,64.63,72.99,8.36,68.07,70.19,2.1200000000000045
"East Multnomah County, OR",pm,pm_trav.shp,"/groups/LORTIZUR/heat-watch-data/clean/Heat Watch East Multnomah County, OR/traverses_chw_east_multnomah_county_111821/pm_trav.shp",9479,9479,temp_f,90.42868657031333,90.64,1.5070498798698395,86.12,94.54,8.420000000000002,89.7,91.41,1.7099999999999937
"El Paso, TX",af,af_trav.shp,"/groups/LORTIZUR/heat-watch-data/clean/Heat Watch El Paso, TX/traverses_chw_el_paso_100220/af_trav.shp",20793,20793,temp_f,104.34638291732794,104.36000000000001,1.3277298896596947,99.5,109.03999999999999,9.539999999999992,103.46000000000001,105.26,1.7999999999999972
"El Paso, TX",am,am_trav.shp,"/groups/LORTIZUR/heat-watch-data/clean/Heat Watch El Paso, TX/traverses_chw_el_paso_100220/am_trav.shp",25946,25946,temp_f,82.76007631234103,83.30000000000001,2.106470467683466,73.03999999999999,88.7,15.66000000000001,82.22,84.02,1.7999999999999972
"El Paso, TX",pm,pm_trav.shp,"/groups/LORTIZUR/heat-watch-data/clean/Heat Watch El Paso, TX/traverses_chw_el_paso_100220/pm_trav.shp",19680,19680,temp_f,103.42276524390245,103.64,1.6685957583086657,91.22,108.68,17.460000000000008,102.74,104.36000000000001,1.6200000000000188
"Farmville, VA",af,af_trav.shp,"/groups/LORTIZUR/heat-watch-data/clean/Heat Watch Farmville, VA/traverses_chw_farmville_110121/af_trav.shp",18390,18040,temp_f,87.74949944567628,87.39,2.3095804801860567,82.64,94.77,12.129999999999995,85.97,89.29,3.3200000000000074
"Farmville, VA",am,am_trav.shp,"/groups/LORTIZUR/heat-watch-data/clean/Heat Watch Farmville, VA/traverses_chw_farmville_110121/am_trav.shp",16433,16337,temp_f,72.14179225071922,72.03,0.9688387055991489,69.11,74.99,5.8799999999999955,71.49,72.89,1.4000000000000057
"Farmville, VA",pm,pm_trav.shp,"/groups/LORTIZUR/heat-watch-data/clean/Heat Watch Farmville, VA/traverses_chw_farmville_110121/pm_trav.shp",18593,18593,temp_f,87.95111870058624,88.01,1.9908597211918764,81.76,93.87,12.11,86.4,89.49,3.089999999999989
"Fort Lauderdale, FL",af,af_trav.shp,"/groups/LORTIZUR/heat-watch-data/clean/Heat Watch Fort Lauderdale, FL/traverses_chw_fort_lauderdale/af_trav.shp",17546,17546,temp_f,87.49842357232417,87.62,1.6253340562037388,83.12,94.46000000000001,11.340000000000003,86.9,88.52,1.6199999999999903
"Fort Lauderdale, FL",am,am_trav.shp,"/groups/LORTIZUR/heat-watch-data/clean/Heat Watch Fort Lauderdale, FL/traverses_chw_fort_lauderdale/am_trav.shp",20781,20781,temp_f,78.28697271546123,78.25999999999999,1.251839173486718,75.38,81.68,6.300000000000011,77.72,78.98,1.2600000000000051
"Fort Lauderdale, FL",pm,pm_trav.shp,"/groups/LORTIZUR/heat-watch-data/clean/Heat Watch Fort Lauderdale, FL/traverses_chw_fort_lauderdale/pm_trav.shp",16116,16116,temp_f,83.26160089352196,83.30000000000001,0.8537873915454435,80.42,85.28,4.859999999999999,82.94,83.84,0.9000000000000057
"Harrisonburg, VA",af,af_trav.shp,"/groups/LORTIZUR/heat-watch-data/clean/Heat Watch Harrisonburg, VA/traverses_chw_harrisonburg_102921/af_trav.shp",7479,7447,temp_f,89.29865180609642,89.57,1.8291065614016853,84.49,94.26,9.77000000000001,88.11,90.63,2.519999999999996
"Harrisonburg, VA",am,am_trav.shp,"/groups/LORTIZUR/heat-watch-data/clean/Heat Watch Harrisonburg, VA/traverses_chw_harrisonburg_102921/am_trav.shp",11179,11103,temp_f,67.30793299108349,67.07,1.3065368826749246,63.98,70.66,6.68,66.49,68.17,1.6800000000000068
"Harrisonburg, VA",pm,pm_trav.shp,"/groups/LORTIZUR/heat-watch-data/clean/Heat Watch Harrisonburg, VA/traverses_chw_harrisonburg_102921/pm_trav.shp",10728,10671,temp_f,83.32936744447568,83.6,1.403371178093632,79.31,87.21,7.8999999999999915,82.32,84.32,2.0
"Honolulu, HI",af,af_trav.shp,"/groups/LORTIZUR/heat-watch-data/clean/Heat Watch Honolulu, HI/traverses_chw_honolulu/af_trav.shp",24563,24563,temp_f,87.42482351504295,87.44,2.5579724230308725,80.96000000000001,94.82,13.859999999999985,85.64,89.24000000000001,3.6000000000000085
"Honolulu, HI",am,am_trav.shp,"/groups/LORTIZUR/heat-watch-data/clean/Heat Watch Honolulu, HI/traverses_chw_honolulu/am_trav.shp",26258,26258,temp_f,78.49582755731586,79.16,2.3530677673752716,70.16,82.75999999999999,12.599999999999994,77.53999999999999,80.24000000000001,2.700000000000017
"Honolulu, HI",pm,pm_trav.shp,"/groups/LORTIZUR/heat-watch-data/clean/Heat Watch Honolulu, HI/traverses_chw_honolulu/pm_trav.shp",26635,26635,temp_f,81.55536850009386,81.68,1.7293022631058714,75.38,85.1,9.719999999999999,80.78,82.75999999999999,1.9799999999999898
"Houston and Harris County, TX",af,af_trav.shp,"/groups/LORTIZUR/heat-watch-data/clean/Heat Watch Houston and Harris County, TX/traverses_chw_houston_harris_county_112320/af_trav.shp",75713,75713,temp_f,94.33410722068865,94.28,1.480316729865646,86.18,103.28,17.099999999999994,93.38,95.18,1.8000000000000114
"Houston and Harris County, TX",am,am_trav.shp,"/groups/LORTIZUR/heat-watch-data/clean/Heat Watch Houston and Harris County, TX/traverses_chw_houston_harris_county_112320/am_trav.shp",80060,80060,temp_f,78.81230052460654,78.62,1.4497210939279286,72.32,83.48,11.16000000000001,77.9,79.88,1.9799999999999898
"Houston and Harris County, TX",pm,pm_trav.shp,"/groups/LORTIZUR/heat-watch-data/clean/Heat Watch Houston and Harris County, TX/traverses_chw_houston_harris_county_112320/pm_trav.shp",76956,76956,temp_f,89.00174723218463,89.06,1.441132081065491,81.86,94.1,12.239999999999995,87.98,89.96000000000001,1.980000000000004
"Iowa City and Cedar Rapids, IA",af,af_trav.shp,"/groups/LORTIZUR/heat-watch-data/clean/Heat Watch Iowa City and Cedar Rapids, IA/traverses_chw_iowa_city_cedar_rapids_092223/af_trav.shp",27895,27895,temp_f,84.45215630041227,84.5,1.2849562892563793,77.8,90.0,12.200000000000003,83.8,85.3,1.5
"Iowa City and Cedar Rapids, IA",am,am_trav.shp,"/groups/LORTIZUR/heat-watch-data/clean/Heat Watch Iowa City and Cedar Rapids, IA/traverses_chw_iowa_city_cedar_rapids_092223/am_trav.shp",27899,27899,temp_f,60.78420015054303,61.0,2.508441716703929,52.8,67.2,14.400000000000006,59.2,62.7,3.5
"Iowa City and Cedar Rapids, IA",pm,pm_trav.shp,"/groups/LORTIZUR/heat-watch-data/clean/Heat Watch Iowa City and Cedar Rapids, IA/traverses_chw_iowa_city_cedar_rapids_092223/pm_trav.shp",27884,27884,temp_f,81.4040381580835,81.5,1.255269845492253,76.4,84.5,8.099999999999994,80.7,82.3,1.5999999999999943
"Jackson, MS",af,af_trav.shp,"/groups/LORTIZUR/heat-watch-data/clean/Heat Watch Jackson, MS/traverses_chw_jackson_102720/af_trav.shp",23097,23097,temp_f,88.97609040135082,89.06,1.3853301665045004,84.2,95.72,11.519999999999996,88.16,89.78,1.6200000000000045
"Jackson, MS",am,am_trav.shp,"/groups/LORTIZUR/heat-watch-data/clean/Heat Watch Jackson, MS/traverses_chw_jackson_102720/am_trav.shp",23658,23658,temp_f,69.04199594217602,68.9,1.2046278683796778,66.38,73.4,7.02000000000001,68.18,69.80000000000001,1.6200000000000045
"Jackson, MS",pm,pm_trav.shp,"/groups/LORTIZUR/heat-watch-data/clean/Heat Watch Jackson, MS/traverses_chw_jackson_102720/pm_trav.shp",26554,26554,temp_f,83.34730134819613,83.66,2.4053031309721793,76.64,90.32,13.679999999999993,81.86,85.28,3.4200000000000017
"Jacksonville, FL",af,af_trav.shp,"/groups/LORTIZUR/heat-watch-data/clean/Heat Watch Jacksonville, FL/traverses_chw_jacksonville_080122/af_trav.shp",41878,41878,temp_f,94.70253354983524,94.8,1.21099422993597,91.0,99.1,8.099999999999994,93.9,95.5,1.5999999999999943
"Jacksonville, FL",am,am_trav.shp,"/groups/LORTIZUR/heat-watch-data/clean/Heat Watch Jacksonville, FL/traverses_chw_jacksonville_080122/am_trav.shp",52381,52381,temp_f,80.42275825203797,80.7,1.6165908304140715,74.0,84.5,10.5,79.5,81.6,2.0999999999999943
"Jacksonville, FL",pm,pm_trav.shp,"/groups/LORTIZUR/heat-watch-data/clean/Heat Watch Jacksonville, FL/traverses_chw_jacksonville_080122/pm_trav.shp",42604,42604,temp_f,93.70274387381467,93.9,1.453868518527747,86.2,98.0,11.799999999999997,93.0,94.7,1.7000000000000028
"Jersey City, Newark, and Elizabeth, NJ",af,af_trav.shp,"/groups/LORTIZUR/heat-watch-data/clean/Heat Watch Jersey City, Newark, and Elizabeth, NJ/traverses_chw_jersey_city_newark_elizabeth_081623/af_trav.shp",16357,16294,temp_f,82.70949429237756,82.8,1.4567583835035132,78.91,86.51,7.6000000000000085,81.78,83.71,1.9299999999999926
"Jersey City, Newark, and Elizabeth, NJ",am,am_trav.shp,"/groups/LORTIZUR/heat-watch-data/clean/Heat Watch Jersey City, Newark, and Elizabeth, NJ/traverses_chw_jersey_city_newark_elizabeth_081623/am_trav.shp",19700,19211,temp_f,67.35252771849461,67.52,1.6929777628122,63.04,71.83,8.79,66.42,68.54,2.1200000000000045
"Jersey City, Newark, and Elizabeth, NJ",pm,pm_trav.shp,"/groups/LORTIZUR/heat-watch-data/clean/Heat Watch Jersey City, Newark, and Elizabeth, NJ/traverses_chw_jersey_city_newark_elizabeth_081623/pm_trav.shp",19775,19318,temp_f,78.75264364841081,78.74,0.8979133501347009,76.32,81.17,4.8500000000000085,78.18,79.36,1.1799999999999926
"Johnson County and Wyandotte County, KS",af,af_trav.shp,"/groups/LORTIZUR/heat-watch-data/clean/Heat Watch Johnson County and Wyandotte County, KS/traverses_chw_johnson_wyandotte_101523/af_trav.shp",68174,68174,temp_f,90.05540235280311,90.1,1.2561049049650084,85.1,96.6,11.5,89.2,90.9,1.7000000000000028
"Johnson County and Wyandotte County, KS",am,am_trav.shp,"/groups/LORTIZUR/heat-watch-data/clean/Heat Watch Johnson County and Wyandotte County, KS/traverses_chw_johnson_wyandotte_101523/am_trav.shp",71613,71613,temp_f,74.41441358412578,74.6,1.4462947713871366,70.3,79.5,9.200000000000003,73.4,75.5,2.0999999999999943
"Johnson County and Wyandotte County, KS",pm,pm_trav.shp,"/groups/LORTIZUR/heat-watch-data/clean/Heat Watch Johnson County and Wyandotte County, KS/traverses_chw_johnson_wyandotte_101523/pm_trav.shp",70112,70112,temp_f,86.18830585349156,86.4,1.7138824511573658,79.2,90.9,11.700000000000003,85.2,87.4,2.200000000000003
"Kansas City, MO",af,af_trav.shp,"/groups/LORTIZUR/heat-watch-data/clean/Heat Watch Kansas City, MO/traverses_chw_kansas_city_102721/af_trav.shp",23560,23435,temp_f,89.61765948367827,89.58,1.345942612370981,85.7,93.4,7.700000000000003,88.68,90.55,1.8699999999999903
"Kansas City, MO",am,am_trav.shp,"/groups/LORTIZUR/heat-watch-data/clean/Heat Watch Kansas City, MO/traverses_chw_kansas_city_102721/am_trav.shp",24192,24192,temp_f,69.6450177744709,69.41,2.021931629547602,65.39,75.36,9.969999999999999,68.16,71.37,3.210000000000008
"Kansas City, MO",pm,pm_trav.shp,"/groups/LORTIZUR/heat-watch-data/clean/Heat Watch Kansas City, MO/traverses_chw_kansas_city_102721/pm_trav.shp",24273,24193,temp_f,85.72517091720746,85.64,1.2347407030380866,81.94,89.14,7.200000000000003,84.87,86.54,1.6700000000000017
"Knoxville, TN",af,af_trav.shp,"/groups/LORTIZUR/heat-watch-data/clean/Heat Watch Knoxville, TN/traverses_chw_knoxville_101222/af_trav.shp",20718,20718,temp_f,89.86806158895646,90.0,1.5818041200559296,82.9,95.1,12.199999999999989,88.9,90.9,2.0
"Knoxville, TN",am,am_trav.shp,"/groups/LORTIZUR/heat-watch-data/clean/Heat Watch Knoxville, TN/traverses_chw_knoxville_101222/am_trav.shp",18516,18516,temp_f,69.8842514581983,69.6,1.3418087935601728,66.8,78.1,11.299999999999997,69.0,70.7,1.7000000000000028
"Knoxville, TN",pm,pm_trav.shp,"/groups/LORTIZUR/heat-watch-data/clean/Heat Watch Knoxville, TN/traverses_chw_knoxville_101222/pm_trav.shp",19030,19030,temp_f,86.52314240672622,86.8,2.8177939225233732,77.6,93.3,15.700000000000003,84.5,88.7,4.200000000000003
"Laredo, TX",af,af_trav.shp,"/groups/LORTIZUR/heat-watch-data/clean/Heat Watch Laredo, TX/traverses_chw_laredo_090324/af_trav.shp",15943,15943,temp_f,101.34210625352819,101.3,1.3179970527560398,95.7,106.7,11.0,100.5,102.2,1.7000000000000028
"Laredo, TX",am,am_trav.shp,"/groups/LORTIZUR/heat-watch-data/clean/Heat Watch Laredo, TX/traverses_chw_laredo_090324/am_trav.shp",16956,16956,temp_f,80.17961193677755,80.3,1.070614318080415,76.5,82.7,6.200000000000003,79.6,80.9,1.3000000000000114
"Laredo, TX",pm,pm_trav.shp,"/groups/LORTIZUR/heat-watch-data/clean/Heat Watch Laredo, TX/traverses_chw_laredo_090324/pm_trav.shp",14748,14748,temp_f,98.5098521833469,98.5,0.8612659990298424,96.0,102.0,6.0,97.9,99.1,1.1999999999999886
"Las Cruces, NM",af,af_trav.shp,"/groups/LORTIZUR/heat-watch-data/clean/Heat Watch Las Cruces, NM/traverses_chw_las_cruces_091520/af_trav.shp",12535,12535,temp_f,104.77011567610691,105.08,1.576570896080649,99.5,112.28,12.780000000000001,104.18,105.8,1.6199999999999903
"Las Cruces, NM",am,am_trav.shp,"/groups/LORTIZUR/heat-watch-data/clean/Heat Watch Las Cruces, NM/traverses_chw_las_cruces_091520/am_trav.shp",12394,12394,temp_f,76.96620461513635,77.0,1.3713997937550684,72.86,80.78,7.920000000000002,76.1,77.9,1.8000000000000114
"Las Cruces, NM",pm,pm_trav.shp,"/groups/LORTIZUR/heat-watch-data/clean/Heat Watch Las Cruces, NM/traverses_chw_las_cruces_091520/pm_trav.shp",13878,13878,temp_f,98.93859922178987,99.14,2.2061074543360792,89.24000000000001,103.28,14.039999999999992,98.24,100.4,2.160000000000011
"Little Rock, AR",af,af_trav.shp,"/groups/LORTIZUR/heat-watch-data/clean/Heat Watch Little Rock, AR/traverses_chw_little_rock_101523/af_trav.shp",22145,22145,temp_f,97.21928200496725,97.0,1.5463351028624104,92.6,102.6,10.0,96.2,98.1,1.8999999999999915
"Little Rock, AR",am,am_trav.shp,"/groups/LORTIZUR/heat-watch-data/clean/Heat Watch Little Rock, AR/traverses_chw_little_rock_101523/am_trav.shp",20525,20525,temp_f,72.97469427527406,73.1,1.3601679377321252,68.7,76.5,7.799999999999997,72.0,74.1,2.0999999999999943
"Little Rock, AR",pm,pm_trav.shp,"/groups/LORTIZUR/heat-watch-data/clean/Heat Watch Little Rock, AR/traverses_chw_little_rock_101523/pm_trav.shp",20534,20534,temp_f,91.91473653452809,92.5,2.266980670390168,83.5,96.3,12.799999999999997,90.8,93.5,2.700000000000003
"Longmont, CO",af,af_trav.shp,"/groups/LORTIZUR/heat-watch-data/clean/Heat Watch Longmont, CO/traverses_chw_longmont_091123/af_trav.shp",10506,10506,temp_f,95.94585950885208,96.0,1.0861108891669466,91.6,100.4,8.800000000000011,95.3,96.7,1.4000000000000057
"Longmont, CO",am,am_trav.shp,"/groups/LORTIZUR/heat-watch-data/clean/Heat Watch Longmont, CO/traverses_chw_longmont_091123/am_trav.shp",11072,11072,temp_f,57.889486994219645,57.9,1.6143004882316174,51.8,61.6,9.800000000000004,56.9,59.0,2.1000000000000014
"Longmont, CO",pm,pm_trav.shp,"/groups/LORTIZUR/heat-watch-data/clean/Heat Watch Longmont, CO/traverses_chw_longmont_091123/pm_trav.shp",10953,10953,temp_f,84.8072035058888,84.9,1.3943299785387575,78.4,88.3,9.899999999999991,84.0,85.8,1.7999999999999972
"Los Angeles, CA",af,af_trav.shp,"/groups/LORTIZUR/heat-watch-data/clean/Heat Watch Los Angeles, CA/traverses_chw_north_los_angeles/af_trav.shp",14476,14476,temp_f,88.14729206963251,87.98,1.7538091463352297,84.2,94.82,10.61999999999999,87.08000000000001,89.24000000000001,2.1599999999999966
"Los Angeles, CA",am,am_trav.shp,"/groups/LORTIZUR/heat-watch-data/clean/Heat Watch Los Angeles, CA/traverses_chw_north_los_angeles/am_trav.shp",15263,15263,temp_f,66.1661416497412,66.02,2.5630055578301443,61.16,75.38,14.219999999999999,64.58000000000001,67.28,2.6999999999999886
"Los Angeles, CA",pm,pm_trav.shp,"/groups/LORTIZUR/heat-watch-data/clean/Heat Watch Los Angeles, CA/traverses_chw_north_los_angeles/pm_trav.shp",16090,16090,temp_f,77.74918707271598,77.72,1.4692767754293625,74.12,81.68,7.560000000000002,76.82,78.80000000000001,1.9800000000000182
"Los Angeles, CA",af,af_trav.shp,"/groups/LORTIZUR/heat-watch-data/clean/Heat Watch Los Angeles, CA/traverses_chw_south_los_angeles/af_trav.shp",16809,16809,temp_f,77.10797429948242,77.53999999999999,3.5426052951250235,69.80000000000001,85.64,15.83999999999999,74.66,79.88,5.219999999999999
"Los Angeles, CA",am,am_trav.shp,"/groups/LORTIZUR/heat-watch-data/clean/Heat Watch Los Angeles, CA/traverses_chw_south_los_angeles/am_trav.shp",21370,21370,temp_f,66.48997098736547,66.56,1.9030630603826035,60.980000000000004,75.56,14.579999999999998,65.48,67.28,1.7999999999999972
"Los Angeles, CA",pm,pm_trav.shp,"/groups/LORTIZUR/heat-watch-data/clean/Heat Watch Los Angeles, CA/traverses_chw_south_los_angeles/pm_trav.shp",19026,19026,temp_f,71.1681362346263,71.06,1.8708794719247566,67.28,80.78,13.5,69.80000000000001,72.5,2.6999999999999886
"Lynchburg, VA",af,af_trav.shp,"/groups/LORTIZUR/heat-watch-data/clean/Heat Watch Lynchburg, VA/traverses_chw_lynchburg_110121/af_trav.shp",2342,2330,temp_f,90.01375965665235,90.1,1.29299397470751,85.51,93.18,7.670000000000002,89.26,90.82,1.559999999999988
"Lynchburg, VA",am,am_trav.shp,"/groups/LORTIZUR/heat-watch-data/clean/Heat Watch Lynchburg, VA/traverses_chw_lynchburg_110121/am_trav.shp",2840,2840,temp_f,70.95640845070423,71.1,0.657041053393225,68.35,72.12,3.7700000000000102,70.75,71.38,0.6299999999999955
"Lynchburg, VA",pm,pm_trav.shp,"/groups/LORTIZUR/heat-watch-data/clean/Heat Watch Lynchburg, VA/traverses_chw_lynchburg_110121/pm_trav.shp",11063,11063,temp_f,86.09290879508269,86.52,1.909518515098067,78.54,90.35,11.809999999999988,84.97,87.46,2.489999999999995
"Memphis, TN",af,af_trav.shp,"/groups/LORTIZUR/heat-watch-data/clean/Heat Watch Memphis, TN/traverses_chw_memphis_100625/af_trav.shp",41383,41383,temp_f,96.2415460454776,96.4,1.5784303522545136,87.8,102.2,14.400000000000006,95.5,97.2,1.7000000000000028
"Memphis, TN",am,am_trav.shp,"/groups/LORTIZUR/heat-watch-data/clean/Heat Watch Memphis, TN/traverses_chw_memphis_100625/am_trav.shp",45897,45897,temp_f,80.54308778351526,80.3,1.9263878086483808,75.7,86.7,11.0,79.1,81.7,2.6000000000000085
"Memphis, TN",pm,pm_trav.shp,"/groups/LORTIZUR/heat-watch-data/clean/Heat Watch Memphis, TN/traverses_chw_memphis_100625/pm_trav.shp",43866,43866,temp_f,92.34409337527924,92.6,1.7825368236809507,84.4,97.6,13.199999999999989,91.5,93.6,2.0999999999999943
"MetroWest and Framingham, MA",af,af_trav.shp,"/groups/LORTIZUR/heat-watch-data/clean/Heat Watch MetroWest and Framingham, MA/traverses_chw_metrowest_082123/af_trav.shp",16395,16395,temp_f,85.6526745959134,85.5,1.4832468983037839,80.9,91.1,10.199999999999989,84.6,86.5,1.9000000000000057
"MetroWest and Framingham, MA",am,am_trav.shp,"/groups/LORTIZUR/heat-watch-data/clean/Heat Watch MetroWest and Framingham, MA/traverses_chw_metrowest_082123/am_trav.shp",17544,17544,temp_f,68.59563953488373,68.4,1.4473680931942234,65.6,73.2,7.6000000000000085,67.5,69.5,2.0
"MetroWest and Framingham, MA",pm,pm_trav.shp,"/groups/LORTIZUR/heat-watch-data/clean/Heat Watch MetroWest and Framingham, MA/traverses_chw_metrowest_082123/pm_trav.shp",15921,15921,temp_f,79.9544689403932,80.1,1.2053068316565605,76.5,83.6,7.099999999999994,79.1,80.8,1.7000000000000028
"Miami, FL",af,af_trav.shp,"/groups/LORTIZUR/heat-watch-data/clean/Heat Watch Miami, FL/traverses_chw_miami_092120/af_trav.shp",20682,20682,temp_f,89.42725848563968,89.42,1.2775529618222847,83.12,93.74,10.61999999999999,88.7,90.32,1.6199999999999903
"Miami, FL",am,am_trav.shp,"/groups/LORTIZUR/heat-watch-data/clean/Heat Watch Miami, FL/traverses_chw_miami_092120/am_trav.shp",19257,19257,temp_f,82.450026483876,82.94,1.6949785673867883,75.2,84.2,9.0,82.58000000000001,83.30000000000001,0.7199999999999989
"Miami, FL",pm,pm_trav.shp,"/groups/LORTIZUR/heat-watch-data/clean/Heat Watch Miami, FL/traverses_chw_miami_092120/pm_trav.shp",20295,20295,temp_f,85.76289135254989,85.82,1.0195249422793222,82.03999999999999,88.7,6.660000000000011,85.28,86.36,1.0799999999999983
"Milwaukee, WI",af,af_trav.shp,"/groups/LORTIZUR/heat-watch-data/clean/Heat Watch Milwaukee, WI/traverses_chw_milwaukee_080622/af_trav.shp",20866,20866,temp_f,91.38833509057797,91.4,1.0105316399756448,88.0,96.7,8.700000000000003,90.8,92.0,1.2000000000000028
"Milwaukee, WI",am,am_trav.shp,"/groups/LORTIZUR/heat-watch-data/clean/Heat Watch Milwaukee, WI/traverses_chw_milwaukee_080622/am_trav.shp",17715,17715,temp_f,72.39226079593566,72.4,1.071863459608633,69.1,75.1,6.0,71.7,73.3,1.5999999999999943
"Milwaukee, WI",pm,pm_trav.shp,"/groups/LORTIZUR/heat-watch-data/clean/Heat Watch Milwaukee, WI/traverses_chw_milwaukee_080622/pm_trav.shp",20435,20435,temp_f,84.95001712747737,85.2,1.344763152777848,77.6,88.0,10.400000000000006,84.3,85.9,1.6000000000000085
"Moab, UT",af,af_trav.shp,"/groups/LORTIZUR/heat-watch-data/clean/Heat Watch Moab, UT/traverses_chw_moab_100225/af_trav.shp",9119,9119,temp_f,95.96579668823335,96.4,1.9490877569893208,90.0,100.7,10.700000000000003,95.2,97.2,2.0
"Moab, UT",am,am_trav.shp,"/groups/LORTIZUR/heat-watch-data/clean/Heat Watch Moab, UT/traverses_chw_moab_100225/am_trav.shp",9158,9158,temp_f,69.84771784232365,69.7,2.573458174024867,60.6,76.8,16.199999999999996,68.3,71.2,2.9000000000000057
"Moab, UT",pm,pm_trav.shp,"/groups/LORTIZUR/heat-watch-data/clean/Heat Watch Moab, UT/traverses_chw_moab_100225/pm_trav.shp",8951,8951,temp_f,93.01112724835214,93.4,1.6821508609347722,86.3,96.3,10.0,91.9,94.4,2.5
"Montgomery County, MD",af,af_trav.shp,"/groups/LORTIZUR/heat-watch-data/clean/Heat Watch Montgomery County, MD/traverses_chw_montgomery_county_101222/af_trav.shp",38336,38336,temp_f,90.68297944490818,90.8,1.5583168887176415,82.8,95.6,12.799999999999997,89.8,91.7,1.9000000000000057
"Montgomery County, MD",am,am_trav.shp,"/groups/LORTIZUR/heat-watch-data/clean/Heat Watch Montgomery County, MD/traverses_chw_montgomery_county_101222/am_trav.shp",39968,39968,temp_f,74.52918084467574,74.7,1.4832809941232947,70.4,78.3,7.8999999999999915,73.4,75.7,2.299999999999997
"Montgomery County, MD",pm,pm_trav.shp,"/groups/LORTIZUR/heat-watch-data/clean/Heat Watch Montgomery County, MD/traverses_chw_montgomery_county_101222/pm_trav.shp",32056,32056,temp_f,86.61636823059645,86.6,1.460749693736191,81.1,91.6,10.5,85.7,87.6,1.8999999999999915
"Mystic River, MA",af,af_trav.shp,"/groups/LORTIZUR/heat-watch-data/clean/Heat Watch Mystic River, MA/traverses_chw_mystic_river_112421/af_trav.shp",29492,29492,temp_f,92.57613081513632,92.31,1.7351672554613993,87.37,97.64,10.269999999999996,91.3075,93.85,2.5424999999999898
"Mystic River, MA",am,am_trav.shp,"/groups/LORTIZUR/heat-watch-data/clean/Heat Watch Mystic River, MA/traverses_chw_mystic_river_112421/am_trav.shp",25198,25198,temp_f,75.5811489007064,75.59,1.0782450663839762,72.23,78.59,6.359999999999999,74.73,76.48,1.75
"Mystic River, MA",pm,pm_trav.shp,"/groups/LORTIZUR/heat-watch-data/clean/Heat Watch Mystic River, MA/traverses_chw_mystic_river_112421/pm_trav.shp",32610,32610,temp_f,88.05629193498928,88.09,1.7998181108548903,82.46,92.88,10.420000000000002,86.82,89.51,2.690000000000012
"Nashville, TN",af,af_trav.shp,"/groups/LORTIZUR/heat-watch-data/clean/Heat Watch Nashville, TN/traverses_chw_nashville_100622/af_trav.shp",18717,18717,temp_f,92.23755943794411,92.3,1.2392672364689707,87.4,95.6,8.199999999999989,91.4,93.1,1.6999999999999886
"Nashville, TN",am,am_trav.shp,"/groups/LORTIZUR/heat-watch-data/clean/Heat Watch Nashville, TN/traverses_chw_nashville_100622/am_trav.shp",25134,25134,temp_f,65.58122861462562,65.4,1.7331592996055951,59.5,71.9,12.400000000000006,64.4,66.6,2.1999999999999886
"Nashville, TN",pm,pm_trav.shp,"/groups/LORTIZUR/heat-watch-data/clean/Heat Watch Nashville, TN/traverses_chw_nashville_100622/pm_trav.shp",18184,18184,temp_f,88.08485481742191,88.2,1.2234943658652022,83.0,91.2,8.200000000000003,87.4,88.9,1.5
"New Orleans, LA",af,af_trav.shp,"/groups/LORTIZUR/heat-watch-data/clean/Heat Watch New Orleans, LA/traverses_chw_new_orleans_110420/af_trav.shp",21117,21117,temp_f,92.34267083392527,92.30000000000001,1.5532185368827287,87.62,101.48,13.86,91.4,93.2,1.7999999999999972
"New Orleans, LA",am,am_trav.shp,"/groups/LORTIZUR/heat-watch-data/clean/Heat Watch New Orleans, LA/traverses_chw_new_orleans_110420/am_trav.shp",26195,26195,temp_f,79.71496621492652,79.7,1.3870585977328347,75.38,82.94,7.560000000000002,78.98,80.78,1.7999999999999972
"New Orleans, LA",pm,pm_trav.shp,"/groups/LORTIZUR/heat-watch-data/clean/Heat Watch New Orleans, LA/traverses_chw_new_orleans_110420/pm_trav.shp",27939,27939,temp_f,87.59078921937076,87.80000000000001,1.1052960517888568,81.86,90.86000000000001,9.000000000000014,86.9,88.34,1.4399999999999977
"Oakland and Berkeley, CA",af,af_trav.shp,"/groups/LORTIZUR/heat-watch-data/clean/Heat Watch Oakland and Berkeley, CA/traverses_chw_oakland_berkeley/af_trav.shp",20144,20144,temp_f,67.74326945988881,68.18,3.1562509389689595,60.08,93.56,33.480000000000004,65.66,69.62,3.960000000000008
"Oakland and Berkeley, CA",am,am_trav.shp,"/groups/LORTIZUR/heat-watch-data/clean/Heat Watch Oakland and Berkeley, CA/traverses_chw_oakland_berkeley/am_trav.shp",18495,18495,temp_f,58.9716301703163,59.540000000000006,1.6694966589872402,55.040000000000006,65.30000000000001,10.260000000000005,57.74,60.26,2.519999999999996
"Oakland and Berkeley, CA",pm,pm_trav.shp,"/groups/LORTIZUR/heat-watch-data/clean/Heat Watch Oakland and Berkeley, CA/traverses_chw_oakland_berkeley/pm_trav.shp",21512,21512,temp_f,62.93767571587951,63.14,2.4736421590714834,57.74,78.08000000000001,20.34000000000001,61.88,63.86,1.9799999999999969
"Oklahoma City, OK",af,af_trav.shp,"/groups/LORTIZUR/heat-watch-data/clean/Heat Watch Oklahoma City, OK/traverses_chw_oklahoma_city_101623/af_trav.shp",71168,71168,temp_f,92.1300767198741,92.4,2.1307290616223638,84.0,98.1,14.099999999999994,91.0,93.5,2.5
"Oklahoma City, OK",am,am_trav.shp,"/groups/LORTIZUR/heat-watch-data/clean/Heat Watch Oklahoma City, OK/traverses_chw_oklahoma_city_101623/am_trav.shp",81298,81298,temp_f,84.95620310462742,85.3,1.6127424582949785,74.0,88.7,14.700000000000003,84.3,86.0,1.7000000000000028
"Oklahoma City, OK",pm,pm_trav.shp,"/groups/LORTIZUR/heat-watch-data/clean/Heat Watch Oklahoma City, OK/traverses_chw_oklahoma_city_101623/pm_trav.shp",71386,71386,temp_f,83.11822766368755,83.4,2.003111573042469,76.3,87.6,11.299999999999997,81.7,84.7,3.0
"Omaha, NE",af,af_trav.shp,"/groups/LORTIZUR/heat-watch-data/clean/Heat Watch Omaha, NE/traverses_chw_omaha_092022/af_trav.shp",13582,13582,temp_f,98.50289353556178,98.4,1.3723669259842985,94.8,102.9,8.100000000000009,97.4,99.5,2.0999999999999943
"Omaha, NE",am,am_trav.shp,"/groups/LORTIZUR/heat-watch-data/clean/Heat Watch Omaha, NE/traverses_chw_omaha_092022/am_trav.shp",14600,14600,temp_f,79.63522602739727,79.6,0.617843867657539,77.4,81.4,4.0,79.3,80.0,0.7000000000000028
"Omaha, NE",pm,pm_trav.shp,"/groups/LORTIZUR/heat-watch-data/clean/Heat Watch Omaha, NE/traverses_chw_omaha_092022/pm_trav.shp",15532,15532,temp_f,97.9152652588205,97.9,1.4385818742271357,93.5,102.9,9.400000000000006,96.8,99.0,2.200000000000003
"Palo Alto, CA",af,af_trav.shp,"/groups/LORTIZUR/heat-watch-data/clean/Heat Watch Palo Alto, CA/traverses_chw_palo_alto_090424/af_trav.shp",8998,8998,temp_f,91.56999333185152,91.8,2.1103571423428256,83.6,97.5,13.900000000000006,90.3,93.2,2.9000000000000057
"Palo Alto, CA",am,am_trav.shp,"/groups/LORTIZUR/heat-watch-data/clean/Heat Watch Palo Alto, CA/traverses_chw_palo_alto_090424/am_trav.shp",9044,9044,temp_f,57.345765148164524,57.3,1.2878368066468975,53.1,62.3,9.199999999999996,56.4,58.2,1.8000000000000043
"Palo Alto, CA",pm,pm_trav.shp,"/groups/LORTIZUR/heat-watch-data/clean/Heat Watch Palo Alto, CA/traverses_chw_palo_alto_090424/pm_trav.shp",9144,9144,temp_f,82.04267279090114,82.1,3.3044517991013653,73.7,88.9,15.200000000000003,79.1,85.2,6.1000000000000085
"Petersburg, VA",af,af_trav.shp,"/groups/LORTIZUR/heat-watch-data/clean/Heat Watch Petersburg, VA/traverses_chw_petersburg_102921/af_trav.shp",7967,7742,temp_f,91.57255489537587,91.54,1.026829451174443,88.82,94.31,5.490000000000009,90.91,92.24,1.3299999999999983
"Petersburg, VA",am,am_trav.shp,"/groups/LORTIZUR/heat-watch-data/clean/Heat Watch Petersburg, VA/traverses_chw_petersburg_102921/am_trav.shp",7446,7136,temp_f,72.95240610986546,72.89,0.8218764236883107,70.91,75.08,4.170000000000002,72.45,73.43,0.980000000000004
"Petersburg, VA",pm,pm_trav.shp,"/groups/LORTIZUR/heat-watch-data/clean/Heat Watch Petersburg, VA/traverses_chw_petersburg_102921/pm_trav.shp",6959,6881,temp_f,87.98254759482634,88.1,1.6687417512047011,83.59,92.03,8.439999999999998,86.87,89.0,2.1299999999999955
"Philadelphia, PA",af,af_trav.shp,"/groups/LORTIZUR/heat-watch-data/clean/Heat Watch Philadelphia, PA/traverses_chw_philadelphia_092122/af_trav.shp",10104,10104,temp_f,89.66372723673791,89.8,1.7688056421969658,85.2,95.0,9.799999999999997,88.3,90.92500000000001,2.625000000000014
"Philadelphia, PA",am,am_trav.shp,"/groups/LORTIZUR/heat-watch-data/clean/Heat Watch Philadelphia, PA/traverses_chw_philadelphia_092122/am_trav.shp",19910,19910,temp_f,74.02526368658965,74.1,1.3297370118279341,70.5,77.2,6.700000000000003,73.1,74.8,1.7000000000000028
"Philadelphia, PA",pm,pm_trav.shp,"/groups/LORTIZUR/heat-watch-data/clean/Heat Watch Philadelphia, PA/traverses_chw_philadelphia_092122/pm_trav.shp",8558,8558,temp_f,87.47196774947417,87.6,1.598562287244358,81.2,91.7,10.5,86.625,88.4,1.7750000000000057
"Pierce County, WA",af,af_trav.shp,"/groups/LORTIZUR/heat-watch-data/clean/Heat Watch Pierce County, WA/traverses_chw_pierce_county_082724/af_trav.shp",40752,40752,temp_f,82.62569199057715,82.9,1.9263643160007344,74.6,88.8,14.200000000000003,81.5,84.0,2.5
"Pierce County, WA",am,am_trav.shp,"/groups/LORTIZUR/heat-watch-data/clean/Heat Watch Pierce County, WA/traverses_chw_pierce_county_082724/am_trav.shp",42489,42489,temp_f,58.028049612840974,57.9,1.1598154758178871,52.0,62.1,10.100000000000001,57.2,58.7,1.5
"Pierce County, WA",pm,pm_trav.shp,"/groups/LORTIZUR/heat-watch-data/clean/Heat Watch Pierce County, WA/traverses_chw_pierce_county_082724/pm_trav.shp",40450,40450,temp_f,80.30842768850432,80.4,1.9431567158297187,73.1,85.6,12.5,78.9,81.7,2.799999999999997
"Raleigh and Durham, NC",af,af_trav.shp,"/groups/LORTIZUR/heat-watch-data/clean/Heat Watch Raleigh and Durham, NC/traverses_chw_raleigh_durham_110821/af_trav.shp",28654,28654,temp_f,84.16687722482028,84.33,1.44504527427396,80.11,88.75,8.64,83.29,85.13,1.8399999999999892
"Raleigh and Durham, NC",am,am_trav.shp,"/groups/LORTIZUR/heat-watch-data/clean/Heat Watch Raleigh and Durham, NC/traverses_chw_raleigh_durham_110821/am_trav.shp",35202,35202,temp_f,67.82275183228226,67.7,1.256832936572323,64.38,71.87,7.490000000000009,66.96,68.57,1.6099999999999994
"Raleigh and Durham, NC",pm,pm_trav.shp,"/groups/LORTIZUR/heat-watch-data/clean/Heat Watch Raleigh and Durham, NC/traverses_chw_raleigh_durham_110821/pm_trav.shp",35419,35419,temp_f,81.07071374121234,81.32,1.6894500372950938,75.91,86.29,10.38000000000001,79.99,82.3,2.3100000000000023
Rhode Island,af,af_trav.shp,/groups/LORTIZUR/heat-watch-data/clean/Heat Watch Rhode Island/traverses_chw_ri_100620/af_trav.shp,15153,15153,temp_f,88.12036032468816,87.98,2.21166489335897,82.04,94.64,12.599999999999994,86.54,89.42,2.8799999999999955
Rhode Island,am,am_trav.shp,/groups/LORTIZUR/heat-watch-data/clean/Heat Watch Rhode Island/traverses_chw_ri_100620/am_trav.shp,14999,14999,temp_f,71.69862257483832,71.78,2.0759821457849097,65.48,76.46000000000001,10.980000000000004,70.52,73.4,2.8800000000000097
Rhode Island,pm,pm_trav.shp,/groups/LORTIZUR/heat-watch-data/clean/Heat Watch Rhode Island/traverses_chw_ri_100620/pm_trav.shp,15603,15603,temp_f,82.17973851182465,82.4,2.126123198386125,77.36,88.88,11.519999999999996,80.78,83.84,3.0600000000000023
"Richmond, IN",af,af_trav.shp,"/groups/LORTIZUR/heat-watch-data/clean/Heat Watch Richmond, IN/traverses_chw_richmond_in_111521/af_trav.shp",10615,10615,temp_f,88.63254922279793,88.67,1.069598205869897,85.29,91.78,6.489999999999995,87.97,89.37,1.4000000000000057
"Richmond, IN",am,am_trav.shp,"/groups/LORTIZUR/heat-watch-data/clean/Heat Watch Richmond, IN/traverses_chw_richmond_in_111521/am_trav.shp",12581,12581,temp_f,68.43808123360623,68.24,1.52315126260548,64.7,72.7,8.0,67.29,69.53,2.239999999999995
"Richmond, IN",pm,pm_trav.shp,"/groups/LORTIZUR/heat-watch-data/clean/Heat Watch Richmond, IN/traverses_chw_richmond_in_111521/pm_trav.shp",12258,12258,temp_f,83.6910988742046,84.19,2.605906701859499,76.78,89.31,12.530000000000001,81.92,85.55,3.6299999999999955
"Richmond, VA",af,af_trav.shp,"/groups/LORTIZUR/heat-watch-data/clean/Heat Watch Richmond, VA/traverses_chw_richmond_va_110121_2021/af_trav.shp",29465,28204,temp_f,91.10652318820026,91.18,1.6063304672402308,86.45,95.49,9.039999999999992,90.15,92.15,2.0
"Richmond, VA",am,am_trav.shp,"/groups/LORTIZUR/heat-watch-data/clean/Heat Watch Richmond, VA/traverses_chw_richmond_va_110121_2021/am_trav.shp",30883,30840,temp_f,72.8042837224384,72.76,1.218530083120827,69.47,76.16,6.689999999999998,71.99,73.67,1.6800000000000068
"Richmond, VA",pm,pm_trav.shp,"/groups/LORTIZUR/heat-watch-data/clean/Heat Watch Richmond, VA/traverses_chw_richmond_va_110121_2021/pm_trav.shp",27615,27411,temp_f,88.47810842362554,88.57,1.5169527322827312,83.7,92.95,9.25,87.57,89.58,2.010000000000005
"Roanoke, VA",af,af_trav.shp,"/groups/LORTIZUR/heat-watch-data/clean/Heat Watch Roanoke, VA/traverses_chw_roanoke_110320/af_trav.shp",10335,10335,temp_f,81.3473962264151,80.42,2.6247884948533193,75.92,90.86000000000001,14.940000000000012,79.52,83.30000000000001,3.7800000000000153
"Roanoke, VA",am,am_trav.shp,"/groups/LORTIZUR/heat-watch-data/clean/Heat Watch Roanoke, VA/traverses_chw_roanoke_110320/am_trav.shp",10381,10381,temp_f,67.65035160389174,67.82,1.162889817125626,64.22,71.24000000000001,7.02000000000001,66.92,68.36,1.4399999999999977
"Roanoke, VA",pm,pm_trav.shp,"/groups/LORTIZUR/heat-watch-data/clean/Heat Watch Roanoke, VA/traverses_chw_roanoke_110320/pm_trav.shp",10386,10386,temp_f,83.98242634315424,84.02,1.5399776063101978,78.62,89.24000000000001,10.620000000000005,82.94,85.1,2.1599999999999966
"Sacramento, CA",af,af_trav.shp,"/groups/LORTIZUR/heat-watch-data/clean/Heat Watch Sacramento, CA/traverses_chw_sacramento/af_trav.shp",20739,20739,temp_f,100.61693042094605,100.4,1.617027508661687,95.0,106.88000000000001,11.88000000000001,99.68,101.48,1.7999999999999972
"Sacramento, CA",am,am_trav.shp,"/groups/LORTIZUR/heat-watch-data/clean/Heat Watch Sacramento, CA/traverses_chw_sacramento/am_trav.shp",20969,20969,temp_f,67.10129619915112,67.1,2.263291390607828,60.44,75.02,14.579999999999998,66.02,68.53999999999999,2.519999999999996
"Sacramento, CA",pm,pm_trav.shp,"/groups/LORTIZUR/heat-watch-data/clean/Heat Watch Sacramento, CA/traverses_chw_sacramento/pm_trav.shp",24220,24220,temp_f,95.38373740710158,96.26,3.7352587712152023,82.4,104.53999999999999,22.139999999999986,93.56,98.06,4.5
"Salem, VA",af,af_trav.shp,"/groups/LORTIZUR/heat-watch-data/clean/Heat Watch Salem, VA/traverses_chw_salem_102921/af_trav.shp",7354,6987,temp_f,89.45521396879921,89.44,1.2431443000873437,86.04,92.84,6.799999999999997,88.66,90.28,1.6200000000000045
"Salem, VA",am,am_trav.shp,"/groups/LORTIZUR/heat-watch-data/clean/Heat Watch Salem, VA/traverses_chw_salem_102921/am_trav.shp",7976,7831,temp_f,71.31509896564934,71.42,0.7811739263067914,69.41,73.18,3.7700000000000102,70.88,71.85,0.9699999999999989
"Salem, VA",pm,pm_trav.shp,"/groups/LORTIZUR/heat-watch-data/clean/Heat Watch Salem, VA/traverses_chw_salem_102921/pm_trav.shp",7805,7483,temp_f,86.78162234397969,87.0,1.9313663590651353,81.22,92.29,11.070000000000007,85.64,88.17,2.530000000000001
"Salt Lake City, UT",af,af_trav.shp,"/groups/LORTIZUR/heat-watch-data/clean/Heat Watch Salt Lake City, UT/traverses_chw_salt_lake_city_091923/af_trav.shp",20339,20339,temp_f,92.34217021485816,92.5,1.5149500103751277,86.8,98.7,11.900000000000006,91.5,93.3,1.7999999999999972
"Salt Lake City, UT",am,am_trav.shp,"/groups/LORTIZUR/heat-watch-data/clean/Heat Watch Salt Lake City, UT/traverses_chw_salt_lake_city_091923/am_trav.shp",20845,20845,temp_f,65.70629407531781,66.2,2.5461225320200844,56.6,71.6,14.999999999999993,64.2,67.6,3.3999999999999915
"Salt Lake City, UT",pm,pm_trav.shp,"/groups/LORTIZUR/heat-watch-data/clean/Heat Watch Salt Lake City, UT/traverses_chw_salt_lake_city_091923/pm_trav.shp",17523,17523,temp_f,91.33769331735432,91.8,1.8732493558589618,80.9,95.7,14.799999999999997,90.3,92.7,2.4000000000000057
"San Bernardino, CA",af,af_trav.shp,"/groups/LORTIZUR/heat-watch-data/clean/Heat Watch San Bernardino, CA/traverses_chw_san_bernardino/af_trav.shp",10593,10593,temp_f,86.52062871707732,86.53999999999999,1.2874308833142338,82.4,95.18,12.780000000000001,85.64,87.25999999999999,1.6199999999999903
"San Bernardino, CA",am,am_trav.shp,"/groups/LORTIZUR/heat-watch-data/clean/Heat Watch San Bernardino, CA/traverses_chw_san_bernardino/am_trav.shp",12777,12777,temp_f,53.74733035923926,52.7,5.299077600874986,43.34,69.08000000000001,25.74000000000001,49.82,56.66,6.839999999999996
"San Bernardino, CA",pm,pm_trav.shp,"/groups/LORTIZUR/heat-watch-data/clean/Heat Watch San Bernardino, CA/traverses_chw_san_bernardino/pm_trav.shp",10906,10906,temp_f,72.44366953970292,72.5,1.9511443022284558,64.03999999999999,79.52,15.480000000000004,71.24000000000001,73.75999999999999,2.519999999999982
"San Diego, CA",af,af_trav.shp,"/groups/LORTIZUR/heat-watch-data/clean/Heat Watch San Diego, CA/traverses_chw_san_diego_120721/af_trav.shp",30858,30858,temp_f,76.62963121394776,76.48,3.4538976640783963,69.54,85.08,15.539999999999992,73.61,79.74,6.1299999999999955
"San Diego, CA",am,am_trav.shp,"/groups/LORTIZUR/heat-watch-data/clean/Heat Watch San Diego, CA/traverses_chw_san_diego_120721/am_trav.shp",30869,30869,temp_f,64.16061064498365,64.03,1.195104397539902,61.08,67.8,6.719999999999999,63.2,65.11,1.9099999999999966
"San Diego, CA",pm,pm_trav.shp,"/groups/LORTIZUR/heat-watch-data/clean/Heat Watch San Diego, CA/traverses_chw_san_diego_120721/pm_trav.shp",31122,31122,temp_f,68.4559530235846,68.315,1.9017219491306212,64.17,74.55,10.379999999999995,66.96,70.08,3.1200000000000045
"San Francisco, CA",af,af_trav.shp,"/groups/LORTIZUR/heat-watch-data/clean/Heat Watch San Francisco, CA/traverses_chw_san_francisco_110122/af_trav.shp",19357,19357,temp_f,68.12737510977941,68.0,2.434907025627534,62.8,75.9,13.100000000000009,66.1,69.8,3.700000000000003
"San Francisco, CA",am,am_trav.shp,"/groups/LORTIZUR/heat-watch-data/clean/Heat Watch San Francisco, CA/traverses_chw_san_francisco_110122/am_trav.shp",19729,19729,temp_f,55.73397029753156,55.7,0.8822060135144316,53.4,59.4,6.0,55.1,56.3,1.1999999999999957
"San Francisco, CA",pm,pm_trav.shp,"/groups/LORTIZUR/heat-watch-data/clean/Heat Watch San Francisco, CA/traverses_chw_san_francisco_110122/pm_trav.shp",20724,20724,temp_f,62.342043041883805,62.1,1.5528469396279596,58.5,68.5,10.0,61.2,63.3,2.0999999999999943
"San Jose and Santa Clara, CA",af,af_trav.shp,"/groups/LORTIZUR/heat-watch-data/clean/Heat Watch San Jose and Santa Clara, CA/traverses_chw_san_jose_santa_clara_110520/af_trav.shp",49918,49918,temp_f,75.69099563283784,76.1,2.6977547662488193,67.64,84.38,16.739999999999995,73.75999999999999,77.72,3.960000000000008
"San Jose and Santa Clara, CA",am,am_trav.shp,"/groups/LORTIZUR/heat-watch-data/clean/Heat Watch San Jose and Santa Clara, CA/traverses_chw_san_jose_santa_clara_110520/am_trav.shp",49517,49517,temp_f,62.40395823656522,62.6,1.2826000590352187,57.379999999999995,66.2,8.820000000000007,61.519999999999996,63.31999999999999,1.7999999999999972
"San Jose and Santa Clara, CA",pm,pm_trav.shp,"/groups/LORTIZUR/heat-watch-data/clean/Heat Watch San Jose and Santa Clara, CA/traverses_chw_san_jose_santa_clara_110520/pm_trav.shp",47120,47120,temp_f,65.69077419354839,65.66,1.8054865058663374,61.16,70.7,9.540000000000006,64.4,66.92,2.519999999999996
"San Juan, PR",af,af_trav.shp,"/groups/LORTIZUR/heat-watch-data/clean/Heat Watch San Juan, PR/traverses_chw_san_juan/af_trav.shp",17312,17312,temp_f,89.74113447319779,89.96,2.195880176168707,84.2,96.62,12.420000000000002,87.8,91.4,3.6000000000000085
"San Juan, PR",am,am_trav.shp,"/groups/LORTIZUR/heat-watch-data/clean/Heat Watch San Juan, PR/traverses_chw_san_juan/am_trav.shp",22571,22571,temp_f,78.4826972664038,79.52,2.4180126829154984,70.52,82.4,11.88000000000001,77.54,80.06,2.519999999999996
"San Juan, PR",pm,pm_trav.shp,"/groups/LORTIZUR/heat-watch-data/clean/Heat Watch San Juan, PR/traverses_chw_san_juan/pm_trav.shp",19342,19342,temp_f,82.7299968979423,83.3,1.6381715882058299,75.02,86.36,11.340000000000003,82.58,83.66,1.0799999999999983
"Santa Fe, NM",af,af_trav.shp,"/groups/LORTIZUR/heat-watch-data/clean/Heat Watch Santa Fe, NM/traverses_chw_santa_fe_081524/af_trav.shp",14142,14142,temp_f,88.90479422995332,88.7,2.204075225448296,82.6,96.5,13.900000000000006,87.3,90.5,3.200000000000003
"Santa Fe, NM",am,am_trav.shp,"/groups/LORTIZUR/heat-watch-data/clean/Heat Watch Santa Fe, NM/traverses_chw_santa_fe_081524/am_trav.shp",15007,15007,temp_f,63.02929966015859,63.4,1.7722817695602329,56.8,67.2,10.400000000000006,62.1,64.2,2.1000000000000014
"Santa Fe, NM",pm,pm_trav.shp,"/groups/LORTIZUR/heat-watch-data/clean/Heat Watch Santa Fe, NM/traverses_chw_santa_fe_081524/pm_trav.shp",14908,14908,temp_f,86.09810169036759,86.1,1.7759067165271107,81.4,90.5,9.099999999999994,84.9,87.3,2.3999999999999915
"Scranton and Wilkes Barre, PA",af,af_trav.shp,"/groups/LORTIZUR/heat-watch-data/clean/Heat Watch Scranton and Wilkes Barre, PA/traverses_chw_scranton_092023/af_trav.shp",19231,19231,temp_f,85.7159742083095,85.7,1.479228421916673,80.7,92.6,11.899999999999991,84.7,86.6,1.8999999999999915
"Scranton and Wilkes Barre, PA",am,am_trav.shp,"/groups/LORTIZUR/heat-watch-data/clean/Heat Watch Scranton and Wilkes Barre, PA/traverses_chw_scranton_092023/am_trav.shp",18050,18050,temp_f,62.29937396121883,62.4,1.2393900502739659,58.7,66.1,7.3999999999999915,61.4,63.3,1.8999999999999986
"Scranton and Wilkes Barre, PA",pm,pm_trav.shp,"/groups/LORTIZUR/heat-watch-data/clean/Heat Watch Scranton and Wilkes Barre, PA/traverses_chw_scranton_092023/pm_trav.shp",20813,20813,temp_f,82.11285254408303,82.4,1.7164186319263484,74.2,86.9,12.700000000000003,81.1,83.3,2.200000000000003
"Seattle and King County, WA",af,af_trav.shp,"/groups/LORTIZUR/heat-watch-data/clean/Heat Watch Seattle and King County, WA/traverses_chw_king_county_093020/af_trav.shp",35019,35019,temp_f,89.3665792855307,89.6,2.3731311206782792,82.03999999999999,97.16000000000001,15.120000000000019,87.98,91.03999999999999,3.059999999999988
"Seattle and King County, WA",am,am_trav.shp,"/groups/LORTIZUR/heat-watch-data/clean/Heat Watch Seattle and King County, WA/traverses_chw_king_county_093020/am_trav.shp",37595,37595,temp_f,60.87850671631866,61.519999999999996,3.334215927266214,51.26,71.06,19.800000000000004,59.18,63.14,3.960000000000001
"Seattle and King County, WA",pm,pm_trav.shp,"/groups/LORTIZUR/heat-watch-data/clean/Heat Watch Seattle and King County, WA/traverses_chw_king_county_093020/pm_trav.shp",37493,37493,temp_f,85.54973835115888,85.82,2.936942681358377,75.38,98.78,23.400000000000006,83.66,87.62,3.960000000000008
"Sedona, AZ",af,af_trav.shp,"/groups/LORTIZUR/heat-watch-data/clean/Heat Watch Sedona, AZ/traverses_chw_sedona_081523/af_trav.shp",5579,5579,temp_f,90.45879189818963,90.5,1.0695927847133766,87.4,95.3,7.8999999999999915,89.8,91.2,1.4000000000000057
"Sedona, AZ",am,am_trav.shp,"/groups/LORTIZUR/heat-watch-data/clean/Heat Watch Sedona, AZ/traverses_chw_sedona_081523/am_trav.shp",6017,6017,temp_f,53.19965098886488,54.1,3.368507408095952,41.7,58.1,16.4,50.8,56.0,5.200000000000003
"Sedona, AZ",pm,pm_trav.shp,"/groups/LORTIZUR/heat-watch-data/clean/Heat Watch Sedona, AZ/traverses_chw_sedona_081523/pm_trav.shp",5891,5891,temp_f,83.628076727211,83.8,1.2845091249022345,75.8,86.4,10.600000000000009,83.1,84.4,1.3000000000000114
"Spokane, WA",af,af_trav.shp,"/groups/LORTIZUR/heat-watch-data/clean/Heat Watch Spokane, WA/traverses_chw_spokane_082222/af_trav.shp",14422,14422,temp_f,88.8200110941617,88.9,1.466150327411902,84.9,94.1,9.199999999999989,87.7,89.8,2.0999999999999943
"Spokane, WA",am,am_trav.shp,"/groups/LORTIZUR/heat-watch-data/clean/Heat Watch Spokane, WA/traverses_chw_spokane_082222/am_trav.shp",17215,17215,temp_f,65.33647981411559,65.6,2.531343690927706,57.8,71.7,13.900000000000006,63.8,67.2,3.4000000000000057
"Spokane, WA",pm,pm_trav.shp,"/groups/LORTIZUR/heat-watch-data/clean/Heat Watch Spokane, WA/traverses_chw_spokane_082222/pm_trav.shp",12351,12351,temp_f,87.71755323455591,87.9,1.8043137448713984,82.2,93.1,10.899999999999991,86.4,89.0,2.5999999999999943
"Toledo, OH",af,af_trav.shp,"/groups/LORTIZUR/heat-watch-data/clean/Heat Watch Toledo, OH/traverses_chw_toledo_101523/af_trav.shp",15105,15105,temp_f,83.40349553128102,83.6,1.7563389790879336,78.6,89.8,11.200000000000003,82.3,84.6,2.299999999999997
"Toledo, OH",am,am_trav.shp,"/groups/LORTIZUR/heat-watch-data/clean/Heat Watch Toledo, OH/traverses_chw_toledo_101523/am_trav.shp",17106,17106,temp_f,69.54312521922132,69.5,0.7376322130707426,67.7,71.6,3.8999999999999915,69.0,70.0,1.0
"Toledo, OH",pm,pm_trav.shp,"/groups/LORTIZUR/heat-watch-data/clean/Heat Watch Toledo, OH/traverses_chw_toledo_101523/pm_trav.shp",18261,18261,temp_f,82.06192431958819,82.1,1.4003808532365316,78.3,87.0,8.700000000000003,81.0,83.1,2.0999999999999943
"Victorville, CA",af,af_trav.shp,"/groups/LORTIZUR/heat-watch-data/clean/Heat Watch Victorville, CA/traverses_chw_victorville/af_trav.shp",10794,10794,temp_f,95.1672429127293,95.18,1.2897521048073533,91.22,99.32,8.099999999999994,94.46000000000001,95.9,1.4399999999999977
"Victorville, CA",am,am_trav.shp,"/groups/LORTIZUR/heat-watch-data/clean/Heat Watch Victorville, CA/traverses_chw_victorville/am_trav.shp",10401,10401,temp_f,71.55524661090281,71.24000000000001,2.7412050758740394,64.03999999999999,80.42,16.38000000000001,70.34,73.58000000000001,3.240000000000009
"Victorville, CA",pm,pm_trav.shp,"/groups/LORTIZUR/heat-watch-data/clean/Heat Watch Victorville, CA/traverses_chw_victorville/pm_trav.shp",7768,7768,temp_f,87.24231977342944,87.08000000000001,1.4323241772100126,84.74000000000001,91.03999999999999,6.299999999999983,86.0,88.52,2.519999999999996
"Virginia Beach, VA",af,af_trav.shp,"/groups/LORTIZUR/heat-watch-data/clean/Heat Watch Virginia Beach, VA/traverses_chw_virginia_beach_1029121/af_trav.shp",18655,18617,temp_f,90.3242837191814,90.96,2.846962702720459,81.72,99.78,18.060000000000002,87.71,92.49,4.780000000000001
"Virginia Beach, VA",am,am_trav.shp,"/groups/LORTIZUR/heat-watch-data/clean/Heat Watch Virginia Beach, VA/traverses_chw_virginia_beach_1029121/am_trav.shp",24640,24496,temp_f,76.65896268778577,76.64,0.8942891408918082,74.1,79.23,5.13000000000001,75.99,77.3,1.3100000000000023
"Virginia Beach, VA",pm,pm_trav.shp,"/groups/LORTIZUR/heat-watch-data/clean/Heat Watch Virginia Beach, VA/traverses_chw_virginia_beach_1029121/pm_trav.shp",21744,21700,temp_f,83.5601668202765,83.85,3.2645235670211408,76.58,91.88,15.299999999999997,81.01,85.36,4.349999999999994
"Washington, D.C.",af,af_trav.shp,"/groups/LORTIZUR/heat-watch-data/clean/Heat Watch Washington, D.C./traverses_chw_washington_dc/af_trav.shp",23345,23345,temp_f,94.68459713000642,94.64,2.2556181137341675,85.1,103.1,18.0,93.38000000000001,96.08000000000001,2.700000000000003
"Washington, D.C.",am,am_trav.shp,"/groups/LORTIZUR/heat-watch-data/clean/Heat Watch Washington, D.C./traverses_chw_washington_dc/am_trav.shp",25637,25637,temp_f,77.33605804111245,77.36,2.0382789627126954,68.9,82.75999999999999,13.859999999999985,75.92,78.98,3.0600000000000023
"Washington, D.C.",pm,pm_trav.shp,"/groups/LORTIZUR/heat-watch-data/clean/Heat Watch Washington, D.C./traverses_chw_washington_dc/pm_trav.shp",25066,25066,temp_f,89.55758876565865,89.96000000000001,2.5087762834333036,79.52,98.78,19.260000000000005,88.34,91.22,2.8799999999999955
"West Palm Beach, FL",af,af_trav.shp,"/groups/LORTIZUR/heat-watch-data/clean/Heat Watch West Palm Beach, FL/traverses_chw_west_palm_beach/af_trav.shp",12796,12796,temp_f,88.65950140668959,89.06,2.0458229163460055,82.03999999999999,93.92,11.88000000000001,87.80000000000001,89.96000000000001,2.1599999999999966
"West Palm Beach, FL",am,am_trav.shp,"/groups/LORTIZUR/heat-watch-data/clean/Heat Watch West Palm Beach, FL/traverses_chw_west_palm_beach/am_trav.shp",7847,7847,temp_f,81.32612463361795,81.32,1.9609599541162361,77.72,85.46000000000001,7.740000000000009,79.52,83.12,3.6000000000000085
"West Palm Beach, FL",pm,pm_trav.shp,"/groups/LORTIZUR/heat-watch-data/clean/Heat Watch West Palm Beach, FL/traverses_chw_west_palm_beach/pm_trav.shp",10133,10133,temp_f,84.82215730780618,84.74000000000001,0.6834610171263961,83.48,89.42,5.939999999999998,84.38,85.28,0.9000000000000057
"Winchester, VA",af,af_trav.shp,"/groups/LORTIZUR/heat-watch-data/clean/Heat Watch Winchester, VA/traverses_chw_winchester_110121/af_trav.shp",27188,26942,temp_f,92.36371761561874,92.35,2.4740880663815408,85.76,99.21,13.449999999999989,90.6,93.98,3.3800000000000097
"Winchester, VA",am,am_trav.shp,"/groups/LORTIZUR/heat-watch-data/clean/Heat Watch Winchester, VA/traverses_chw_winchester_110121/am_trav.shp",27515,27409,temp_f,69.95328140391841,70.0,1.2912719613387877,66.95,73.68,6.730000000000004,68.96,70.86,1.9000000000000057
"Winchester, VA",pm,pm_trav.shp,"/groups/LORTIZUR/heat-watch-data/clean/Heat Watch Winchester, VA/traverses_chw_winchester_110121/pm_trav.shp",27066,26709,temp_f,83.47527163128534,83.62,1.0701878800963498,80.21,86.3,6.090000000000003,82.69,84.29,1.6000000000000085
"Worcester, MA",af,af_trav.shp,"/groups/LORTIZUR/heat-watch-data/clean/Heat Watch Worcester, MA/traverses_chw_worchester/af_trav.shp",18509,18509,temp_f,85.03783780863364,85.1,1.633813039085402,80.06,90.86000000000001,10.800000000000011,84.02,86.18,2.160000000000011
"Worcester, MA",am,am_trav.shp,"/groups/LORTIZUR/heat-watch-data/clean/Heat Watch Worcester, MA/traverses_chw_worchester/am_trav.shp",22431,22431,temp_f,65.71718336231109,65.84,1.6667574320365075,61.16,71.06,9.900000000000006,64.94,66.92,1.980000000000004
"Worcester, MA",pm,pm_trav.shp,"/groups/LORTIZUR/heat-watch-data/clean/Heat Watch Worcester, MA/traverses_chw_worchester/pm_trav.shp",22467,22467,temp_f,76.32064361062892,76.1,3.6077045731407376,68.36,85.28,16.92,73.4,79.16,5.759999999999991
"Yonkers, NY",af,af_trav.shp,"/groups/LORTIZUR/heat-watch-data/clean/Heat Watch Yonkers, NY/traverses_chw_yonkers/af_trav.shp",9361,9361,temp_f,85.9201046896699,85.64,1.6279473365054604,80.24000000000001,95.18,14.939999999999998,84.92,86.72,1.7999999999999972
"Yonkers, NY",am,am_trav.shp,"/groups/LORTIZUR/heat-watch-data/clean/Heat Watch Yonkers, NY/traverses_chw_yonkers/am_trav.shp",12576,12576,temp_f,68.21344942748091,68.18,0.819827021831351,66.38,70.88,4.5,67.64,68.53999999999999,0.8999999999999915
"Yonkers, NY",pm,pm_trav.shp,"/groups/LORTIZUR/heat-watch-data/clean/Heat Watch Yonkers, NY/traverses_chw_yonkers/pm_trav.shp",9938,9938,temp_f,78.74952103038841,78.62,1.281160434440148,75.38,82.22,6.840000000000003,77.9,79.7,1.7999999999999972
